date,ticker,mean_sentiment,sentiment_std,news_volume,Close,volatility,mean_sentiment_lag_1,sentiment_std_lag_1,news_volume_lag_1,mean_sentiment_lag_2,sentiment_std_lag_2,news_volume_lag_2,mean_sentiment_lag_3,sentiment_std_lag_3,news_volume_lag_3
2025-03-14,GOOGL,0.0,0.0,1,165.28990173339844,0.023410550987344337,0.9436717629432678,0.0,1.0,-0.32426347335179645,0.5616408108840683,3.0,0.0,0.0,2.0
2025-03-17,GOOGL,0.0,0.0,3,164.09133911132812,0.02339576673744778,0.0,0.0,1.0,0.9436717629432678,0.0,1.0,-0.32426347335179645,0.5616408108840683,3.0
2025-03-17,MSFT,0.0,0.0,5,387.3509521484375,0.018278847222404485,0.9016643166542053,0.0,1.0,0.9295823574066162,0.0,1.0,0.5573747158050537,0.0,1.0
2025-03-18,AAPL,0.0,0.0,1,212.17066955566406,0.022894477160955416,0.0,0.0,2.0,0.0,0.0,2.0,-0.9599010348320007,0.0,1.0
2025-03-18,GOOGL,-0.7507493793964386,0.04895107788134127,2,160.47572326660156,0.02295711627866621,0.0,0.0,3.0,0.0,0.0,1.0,0.9436717629432678,0.0,1.0
2025-03-18,MSFT,0.0,0.0,1,382.1889343261719,0.018591672825693448,0.0,0.0,5.0,0.9016643166542053,0.0,1.0,0.9295823574066162,0.0,1.0
2025-03-19,MSFT,0.0,0.0,1,386.4739990234375,0.013568818990356309,0.0,0.0,1.0,0.0,0.0,5.0,0.9016643166542053,0.0,1.0
2025-03-21,MSFT,0.4680895209312439,0.6619785489056899,2,389.9020690917969,0.014034311449422002,0.0,0.0,1.0,0.0,0.0,1.0,0.0,0.0,5.0
2025-03-24,AAPL,-0.61000657081604,0.0,1,220.19102478027344,0.010543842279827744,0.0,0.0,1.0,0.0,0.0,2.0,0.0,0.0,2.0
2025-03-24,GOOGL,0.0,0.0,2,167.4772491455078,0.016785408038310988,-0.7507493793964386,0.04895107788134127,2.0,0.0,0.0,3.0,0.0,0.0,1.0
2025-03-24,MSFT,0.09471052885055542,0.23199246895300576,6,391.7157287597656,0.01243406689666235,0.4680895209312439,0.6619785489056899,2.0,0.0,0.0,1.0,0.0,0.0,1.0
2025-03-25,MSFT,0.31633516152699787,0.547908571985268,3,393.7885437011719,0.00864380930304806,0.09471052885055542,0.23199246895300576,6.0,0.4680895209312439,0.6619785489056899,2.0,0.0,0.0,1.0
2025-03-26,GOOGL,0.0,0.0,2,164.86041259765625,0.021682036458581595,0.0,0.0,2.0,-0.7507493793964386,0.04895107788134127,2.0,0.0,0.0,3.0
2025-03-26,MSFT,0.056422541538874306,0.8445972202970013,6,388.6165466308594,0.010492318474460282,0.31633516152699787,0.547908571985268,3.0,0.09471052885055542,0.23199246895300576,6.0,0.4680895209312439,0.6619785489056899,2.0
2025-03-27,AAPL,0.0,0.0,1,223.3034210205078,0.010739619184281858,-0.61000657081604,0.0,1.0,0.0,0.0,1.0,0.0,0.0,2.0
2025-03-28,GOOGL,-0.47296422719955444,0.6688724246229197,2,154.14340209960938,0.02624024505318617,0.0,0.0,2.0,0.0,0.0,2.0,-0.7507493793964386,0.04895107788134127,2.0
2025-03-28,MSFT,0.0,0.0,1,377.48529052734375,0.014120475753381925,0.056422541538874306,0.8445972202970013,6.0,0.31633516152699787,0.547908571985268,3.0,0.09471052885055542,0.23199246895300576,6.0
2025-03-31,GOOGL,0.0,0.0,3,154.45301818847656,0.02653071759052223,-0.47296422719955444,0.6688724246229197,2.0,0.0,0.0,2.0,0.0,0.0,2.0
2025-03-31,MSFT,-0.1899076302846273,0.32892966439798044,3,374.087158203125,0.014274951184313586,0.0,0.0,1.0,0.056422541538874306,0.8445972202970013,6.0,0.31633516152699787,0.547908571985268,3.0
2025-04-01,AAPL,0.0,0.0,2,222.64503479003906,0.016084122188618762,0.0,0.0,1.0,-0.61000657081604,0.0,1.0,0.0,0.0,1.0
2025-04-01,GOOGL,0.0,0.0,1,156.8800811767578,0.027460757790442106,0.0,0.0,3.0,-0.47296422719955444,0.6688724246229197,2.0,0.0,0.0,2.0
2025-04-01,MSFT,-0.05224335193634033,1.28887608415964,2,380.863525390625,0.015652194295077766,-0.1899076302846273,0.32892966439798044,3.0,0.0,0.0,1.0,0.056422541538874306,0.8445972202970013,6.0
2025-04-02,AAPL,0.4418986439704895,0.624939055497346,2,223.34332275390625,0.01570169394449667,0.0,0.0,2.0,0.0,0.0,1.0,-0.61000657081604,0.0,1.0
2025-04-02,GOOGL,0.43650326132774353,0.6173088321897823,2,156.85011291503906,0.024768691029939085,0.0,0.0,1.0,0.0,0.0,3.0,-0.47296422719955444,0.6688724246229197,2.0
2025-04-02,MSFT,0.0,0.0,1,380.813720703125,0.015351860601048537,-0.05224335193634033,1.28887608415964,2.0,-0.1899076302846273,0.32892966439798044,3.0,0.0,0.0,1.0
2025-04-03,AAPL,-0.9523090124130249,0.0,1,202.69384765625,0.03804592661336709,0.4418986439704895,0.624939055497346,2.0,0.0,0.0,2.0,0.0,0.0,1.0
2025-04-04,AAPL,0.0,0.0,1,187.92002868652344,0.04414489740919437,-0.9523090124130249,0.0,1.0,0.4418986439704895,0.624939055497346,2.0,0.0,0.0,2.0
2025-04-04,GOOGL,0.0,0.0,1,145.4239501953125,0.024320692598742314,0.43650326132774353,0.6173088321897823,2.0,0.0,0.0,1.0,0.0,0.0,3.0
2025-04-04,MSFT,0.0,0.0,1,358.5910949707031,0.01939626143855076,0.0,0.0,1.0,-0.05224335193634033,1.28887608415964,2.0,-0.1899076302846273,0.32892966439798044,3.0
2025-04-07,GOOGL,0.0,0.0,2,146.5725555419922,0.026156189926533097,0.0,0.0,1.0,0.43650326132774353,0.6173088321897823,2.0,0.0,0.0,1.0
2025-04-07,MSFT,-0.33312028646469116,0.4711032270199768,2,356.61798095703125,0.018792137112500384,0.0,0.0,1.0,0.0,0.0,1.0,-0.05224335193634033,1.28887608415964,2.0
2025-04-08,AAPL,-0.9484620094299316,0.0,1,171.9989776611328,0.042615693171684364,0.0,0.0,1.0,-0.9523090124130249,0.0,1.0,0.4418986439704895,0.624939055497346,2.0
2025-04-08,GOOGL,-0.32174088557561237,0.5572715606891652,3,144.52503967285156,0.02128981412869764,0.0,0.0,2.0,0.0,0.0,1.0,0.43650326132774353,0.6173088321897823,2.0
2025-04-08,MSFT,0.0,0.0,1,353.3294372558594,0.017055735166753044,-0.33312028646469116,0.4711032270199768,2.0,0.0,0.0,1.0,0.0,0.0,1.0
2025-04-09,AAPL,-0.22399461269378662,0.3069461294333566,5,198.3644561767578,0.0816973944692776,-0.9484620094299316,0.0,1.0,0.0,0.0,1.0,-0.9523090124130249,0.0,1.0
2025-04-09,GOOGL,-0.6314991116523743,0.0,1,158.51809692382812,0.04565372082259283,-0.32174088557561237,0.5572715606891652,3.0,0.0,0.0,2.0,0.0,0.0,1.0
2025-04-09,MSFT,0.46959635615348816,0.6641095357132492,2,389.1347351074219,0.04516909059238247,0.0,0.0,1.0,-0.33312028646469116,0.4711032270199768,2.0,0.0,0.0,1.0
2025-04-10,AAPL,-0.9035258591175079,0.05712377327608874,2,189.9550323486328,0.08193614276807663,-0.22399461269378662,0.3069461294333566,5.0,-0.9484620094299316,0.0,1.0,0.0,0.0,1.0
2025-04-10,GOOGL,0.0,0.0,1,152.63522338867188,0.04782106973404758,-0.6314991116523743,0.0,1.0,-0.32174088557561237,0.5572715606891652,3.0,0.0,0.0,2.0
2025-04-10,MSFT,-0.39773648977279663,0.5624843380873568,2,380.0264587402344,0.04610408646060355,0.46959635615348816,0.6641095357132492,2.0,0.0,0.0,1.0,-0.33312028646469116,0.4711032270199768,2.0
2025-04-11,AAPL,0.7374257445335388,0.0,1,197.66615295410156,0.08484720856251309,-0.9035258591175079,0.05712377327608874,2.0,-0.22399461269378662,0.3069461294333566,5.0,-0.9484620094299316,0.0,1.0
2025-04-11,GOOGL,0.0,0.0,2,156.9499969482422,0.049283806590391915,0.0,0.0,1.0,-0.6314991116523743,0.0,1.0,-0.32174088557561237,0.5572715606891652,3.0
2025-04-14,AAPL,-0.07766012847423553,0.783239692216635,4,202.02549743652344,0.07804307589158696,0.7374257445335388,0.0,1.0,-0.9035258591175079,0.05712377327608874,2.0,-0.22399461269378662,0.3069461294333566,5.0
2025-04-14,GOOGL,0.0,0.0,1,158.87767028808594,0.04581667651655566,0.0,0.0,2.0,0.0,0.0,1.0,-0.6314991116523743,0.0,1.0
2025-04-14,MSFT,0.0,0.0,3,386.4640197753906,0.045207501546346784,-0.39773648977279663,0.5624843380873568,2.0,0.46959635615348816,0.6641095357132492,2.0,0.0,0.0,1.0
2025-04-15,AAPL,-0.9385862350463867,0.0,1,201.6464080810547,0.0709797834408003,-0.07766012847423553,0.783239692216635,4.0,0.7374257445335388,0.0,1.0,-0.9035258591175079,0.05712377327608874,2.0
2025-04-15,GOOGL,0.0,0.0,3,156.12100219726562,0.043620861554172455,0.0,0.0,1.0,0.0,0.0,2.0,0.0,0.0,1.0
2025-04-15,MSFT,0.0069155097007751465,0.8072490235051095,3,384.3912658691406,0.04185464241947229,0.0,0.0,3.0,-0.39773648977279663,0.5624843380873568,2.0,0.46959635615348816,0.6641095357132492,2.0
2025-04-16,GOOGL,0.0,0.0,2,153.1446075439453,0.04510328150070522,0.0,0.0,3.0,0.0,0.0,1.0,0.0,0.0,2.0
2025-04-16,MSFT,-0.13455893844366074,0.584321536671938,8,370.32025146484375,0.04536377142527047,0.0069155097007751465,0.8072490235051095,3.0,0.0,0.0,3.0,-0.39773648977279663,0.5624843380873568,2.0
2025-04-17,AAPL,0.0,0.0,1,196.4990234375,0.06591550890394016,-0.9385862350463867,0.0,1.0,-0.07766012847423553,0.783239692216635,4.0,0.7374257445335388,0.0,1.0
2025-04-17,GOOGL,-0.03052166700363159,0.5248614630496992,5,150.97723388671875,0.04511760978164593,0.0,0.0,2.0,0.0,0.0,3.0,0.0,0.0,1.0
2025-04-21,AAPL,0.0,0.0,1,192.6883544921875,0.03142443079656453,0.0,0.0,1.0,-0.9385862350463867,0.0,1.0,-0.07766012847423553,0.783239692216635,4.0
2025-04-21,MSFT,0.0,0.0,1,357.87359619140625,0.018073938856755442,-0.13455893844366074,0.584321536671938,8.0,0.0069155097007751465,0.8072490235051095,3.0,0.0,0.0,3.0
2025-04-22,AAPL,-0.18518882989883423,0.37037765979766846,4,199.25228881835938,0.028927971824818714,0.0,0.0,1.0,0.0,0.0,1.0,-0.9385862350463867,0.0,1.0
2025-04-22,GOOGL,0.0,0.0,3,151.28684997558594,0.02236909613054347,-0.03052166700363159,0.5248614630496992,5.0,0.0,0.0,2.0,0.0,0.0,3.0
2025-04-22,MSFT,0.0,0.0,2,365.5469055175781,0.020970517264562522,0.0,0.0,1.0,-0.13455893844366074,0.584321536671938,8.0,0.0069155097007751465,0.8072490235051095,3.0
2025-04-23,AAPL,-0.9696927070617676,0.0,1,204.1004180908203,0.026336814473868604,-0.18518882989883423,0.37037765979766846,4.0,0.0,0.0,1.0,0.0,0.0,1.0
2025-04-23,GOOGL,0.0,0.0,3,155.16217041015625,0.021804893572180413,0.0,0.0,3.0,-0.03052166700363159,0.5248614630496992,5.0,0.0,0.0,2.0
2025-04-23,MSFT,0.15481579303741455,0.3461786372221976,5,373.09063720703125,0.021365156203815853,0.0,0.0,2.0,0.0,0.0,1.0,-0.13455893844366074,0.584321536671938,8.0
2025-04-24,GOOGL,0.10136519159589495,0.7693942663272819,7,159.08740234375,0.023646425315534594,0.0,0.0,3.0,0.0,0.0,3.0,-0.03052166700363159,0.5248614630496992,5.0
2025-04-25,AAPL,0.0,0.0,2,208.76898193359375,0.02583255112713557,-0.9696927070617676,0.0,1.0,-0.18518882989883423,0.37037765979766846,4.0,0.0,0.0,1.0
2025-04-25,GOOGL,0.5752300662653786,0.4300262826275001,7,161.76417541503906,0.022879804912664573,0.10136519159589495,0.7693942663272819,7.0,0.0,0.0,3.0,0.0,0.0,3.0
2025-04-25,MSFT,0.23473161458969116,0.406567082612021,3,390.4900207519531,0.026355999697119763,0.15481579303741455,0.3461786372221976,5.0,0.0,0.0,2.0,0.0,0.0,1.0
2025-04-28,AAPL,0.0,0.0,2,209.62689208984375,0.01726078403013462,0.0,0.0,2.0,-0.9696927070617676,0.0,1.0,-0.18518882989883423,0.37037765979766846,4.0
2025-04-28,GOOGL,0.0,0.0,1,160.41580200195312,0.021278120864664435,0.5752300662653786,0.4300262826275001,7.0,0.10136519159589495,0.7693942663272819,7.0,0.0,0.0,3.0
2025-04-28,MSFT,-0.971512496471405,0.0,1,389.80242919921875,0.0203296724890574,0.23473161458969116,0.406567082612021,3.0,0.15481579303741455,0.3461786372221976,5.0,0.0,0.0,2.0
2025-04-29,GOOGL,-0.9508989453315735,0.0,1,159.9663543701172,0.01979214040046669,0.0,0.0,1.0,0.5752300662653786,0.4300262826275001,7.0,0.10136519159589495,0.7693942663272819,7.0
2025-04-29,MSFT,0.0,0.0,1,392.67242431640625,0.01878446323538776,-0.971512496471405,0.0,1.0,0.23473161458969116,0.406567082612021,3.0,0.15481579303741455,0.3461786372221976,5.0
2025-04-30,GOOGL,0.0,0.0,3,158.6079864501953,0.016390497600153216,-0.9508989453315735,0.0,1.0,0.0,0.0,1.0,0.5752300662653786,0.4300262826275001,7.0
2025-04-30,MSFT,0.32151763141155243,0.6459677061519472,8,393.88818359375,0.012484941991856166,0.0,0.0,1.0,-0.971512496471405,0.0,1.0,0.23473161458969116,0.406567082612021,3.0
2025-05-01,AAPL,-0.24200494587421417,0.48400989174842834,4,212.79913330078125,0.008344792388050476,0.0,0.0,2.0,0.0,0.0,2.0,-0.9696927070617676,0.0,1.0
2025-05-01,MSFT,0.44034438331921893,0.44150965439312967,9,423.9235534667969,0.026900212566375353,0.32151763141155243,0.6459677061519472,8.0,0.0,0.0,1.0,-0.971512496471405,0.0,1.0
2025-05-02,AAPL,-0.8870018124580383,0.04579878864066598,2,204.8485870361328,0.017542718452777155,-0.24200494587421417,0.48400989174842834,4.0,0.0,0.0,2.0,0.0,0.0,2.0
2025-05-02,GOOGL,-0.018283367156982422,1.2975369243538406,2,163.8316650390625,0.01397682238563031,0.0,0.0,3.0,-0.9508989453315735,0.0,1.0,0.0,0.0,1.0
2025-05-02,MSFT,0.0,0.0,1,433.769287109375,0.026901138282880533,0.44034438331921893,0.44150965439312967,9.0,0.32151763141155243,0.6459677061519472,8.0,0.0,0.0,1.0
2025-05-05,GOOGL,0.0,0.0,2,164.01145935058594,0.011769268745439238,-0.018283367156982422,1.2975369243538406,2.0,0.0,0.0,3.0,-0.9508989453315735,0.0,1.0
2025-05-05,MSFT,0.3566044867038727,0.5043149014997128,2,434.65618896484375,0.027196467158798098,0.0,0.0,1.0,0.44034438331921893,0.44150965439312967,9.0,0.32151763141155243,0.6459677061519472,8.0
2025-05-06,GOOGL,0.3662903904914856,0.5180128379999959,2,163.03262329101562,0.010885972260530868,0.0,0.0,2.0,-0.018283367156982422,1.2975369243538406,2.0,0.0,0.0,3.0
2025-05-06,MSFT,0.31611041227976483,0.5475192948700973,3,431.8061218261719,0.028673163032492347,0.3566044867038727,0.5043149014997128,2.0,0.0,0.0,1.0,0.44034438331921893,0.44150965439312967,9.0
2025-05-07,AAPL,0.9323456287384033,0.0,1,195.7707977294922,0.018048726631116705,-0.8870018124580383,0.04579878864066598,2.0,-0.24200494587421417,0.48400989174842834,4.0,0.0,0.0,2.0
2025-05-07,GOOGL,-0.6354556977748871,0.44275034472245756,10,151.19696044921875,0.03019906845571452,0.3662903904914856,0.5180128379999959,2.0,0.0,0.0,2.0,-0.018283367156982422,1.2975369243538406,2.0
2025-05-07,MSFT,0.0,0.0,1,431.8459777832031,0.028502724772436303,0.31611041227976483,0.5475192948700973,3.0,0.3566044867038727,0.5043149014997128,2.0,0.0,0.0,1.0
2025-05-08,GOOGL,-0.30432631572087604,0.9034743191875897,3,154.0934600830078,0.03192200957626492,-0.6354556977748871,0.44275034472245756,10.0,0.3662903904914856,0.5180128379999959,2.0,0.0,0.0,2.0
2025-05-08,MSFT,0.551966647307078,0.49132515985492725,3,436.6492614746094,0.02836829655314893,0.0,0.0,1.0,0.31611041227976483,0.5475192948700973,3.0,0.3566044867038727,0.5043149014997128,2.0
2025-05-09,AAPL,0.0,0.0,2,198.0452423095703,0.01810304931182926,0.9323456287384033,0.0,1.0,-0.8870018124580383,0.04579878864066598,2.0,-0.24200494587421417,0.48400989174842834,4.0
2025-05-12,AAPL,0.8077739179134369,0.0600635159597236,2,210.55104064941406,0.033080974313704485,0.0,0.0,2.0,0.9323456287384033,0.0,1.0,-0.8870018124580383,0.04579878864066598,2.0
2025-05-12,GOOGL,0.0,0.0,1,158.26840209960938,0.035186667533721495,-0.30432631572087604,0.9034743191875897,3.0,-0.6354556977748871,0.44275034472245756,10.0,0.3662903904914856,0.5180128379999959,2.0
2025-05-12,MSFT,0.0,0.0,1,447.7007751464844,0.011920549594878345,0.551966647307078,0.49132515985492725,3.0,0.0,0.0,1.0,0.31611041227976483,0.5475192948700973,3.0
2025-05-13,AAPL,0.0,0.0,1,212.68861389160156,0.02901440949687707,0.8077739179134369,0.0600635159597236,2.0,0.0,0.0,2.0,0.9323456287384033,0.0,1.0
2025-05-14,GOOGL,0.46243199706077576,0.6539776019186243,2,165.1700439453125,0.037717650082334804,0.0,0.0,1.0,-0.30432631572087604,0.9034743191875897,3.0,-0.6354556977748871,0.44275034472245756,10.0
2025-05-14,MSFT,0.0,0.0,1,451.36798095703125,0.010069357213639971,0.0,0.0,1.0,0.551966647307078,0.49132515985492725,3.0,0.0,0.0,1.0
2025-05-15,GOOGL,0.0,0.0,1,163.76174926757812,0.03781581801881145,0.46243199706077576,0.6539776019186243,2.0,0.0,0.0,1.0,-0.30432631572087604,0.9034743191875897,3.0
2025-05-15,MSFT,0.9094224572181702,0.0,1,452.3863220214844,0.00878764376824442,0.0,0.0,1.0,0.0,0.0,1.0,0.551966647307078,0.49132515985492725,3.0
2025-05-16,MSFT,0.0,0.0,2,453.5244445800781,0.008527528398653299,0.9094224572181702,0.0,1.0,0.0,0.0,1.0,0.0,0.0,1.0
2025-05-19,AAPL,0.46939122676849365,0.6638194389549487,2,208.54331970214844,0.025117327236308263,0.0,0.0,1.0,0.8077739179134369,0.0600635159597236,2.0,0.0,0.0,2.0
2025-05-19,GOOGL,0.0,0.0,1,166.338623046875,0.019469166050122475,0.0,0.0,1.0,0.46243199706077576,0.6539776019186243,2.0,0.0,0.0,1.0
2025-05-19,MSFT,0.4612920582294464,0.6523654849630826,2,458.11688232421875,0.008456271907677212,0.0,0.0,2.0,0.9094224572181702,0.0,1.0,0.0,0.0,1.0
2025-05-20,AAPL,-0.5133966207504272,0.0,1,206.62550354003906,0.025999639365659646,0.46939122676849365,0.6638194389549487,2.0,0.0,0.0,1.0,0.8077739179134369,0.0600635159597236,2.0
2025-05-20,GOOGL,-0.3769551992416382,0.5163839944888831,5,163.78172302246094,0.020532686970340854,0.0,0.0,1.0,0.0,0.0,1.0,0.46243199706077576,0.6539776019186243,2.0
2025-05-20,MSFT,-0.9718533754348755,0.0,1,457.4180603027344,0.008825777466267237,0.4612920582294464,0.6523654849630826,2.0,0.0,0.0,2.0,0.9094224572181702,0.0,1.0
2025-05-21,GOOGL,-0.23952558636665344,0.9116859459050766,4,168.35618591308594,0.018687917175822445,-0.3769551992416382,0.5163839944888831,5.0,0.0,0.0,1.0,0.0,0.0,1.0
2025-05-23,AAPL,-0.9378299713134766,0.010859641281013977,2,195.04864501953125,0.0109408831876426,-0.5133966207504272,0.0,1.0,0.46939122676849365,0.6638194389549487,2.0,0.0,0.0,1.0
2025-05-27,GOOGL,0.0,0.0,2,172.69093322753906,0.017618093767064334,-0.23952558636665344,0.9116859459050766,4.0,-0.3769551992416382,0.5163839944888831,5.0,0.0,0.0,1.0
2025-05-27,MSFT,0.3730958104133606,0.5276371551511556,2,459.93389892578125,0.012218516160562413,-0.9718533754348755,0.0,1.0,0.4612920582294464,0.6523654849630826,2.0,0.0,0.0,2.0
2025-05-28,AAPL,0.24309657017389932,0.4210556106869266,3,200.1927947998047,0.018000094817793244,-0.9378299713134766,0.010859641281013977,2.0,-0.5133966207504272,0.0,1.0,0.46939122676849365,0.6638194389549487,2.0
2025-05-28,GOOGL,0.5494984189669291,0.48074426716491475,3,172.15159606933594,0.017824481982975614,0.0,0.0,2.0,-0.23952558636665344,0.9116859459050766,4.0,-0.3769551992416382,0.5163839944888831,5.0
2025-05-28,MSFT,0.0,0.0,1,456.609375,0.012750601942235262,0.3730958104133606,0.5276371551511556,2.0,-0.9718533754348755,0.0,1.0,0.4612920582294464,0.6523654849630826,2.0
2025-05-29,MSFT,0.11233359575271606,1.1475438769363009,2,457.9272155761719,0.012171026073368778,0.0,0.0,1.0,0.3730958104133606,0.5276371551511556,2.0,-0.9718533754348755,0.0,1.0
2025-05-30,AAPL,0.0,0.0,1,200.622314453125,0.018307689115203692,0.24309657017389932,0.4210556106869266,3.0,-0.9378299713134766,0.010859641281013977,2.0,-0.5133966207504272,0.0,1.0
2025-05-30,MSFT,0.43146589398384094,0.6101849189733799,2,459.60443115234375,0.012220240962245516,0.11233359575271606,1.1475438769363009,2.0,0.0,0.0,1.0,0.3730958104133606,0.5276371551511556,2.0
2025-06-02,AAPL,0.9333281517028809,0.0,1,201.47134399414062,0.01639288199806882,0.0,0.0,1.0,0.24309657017389932,0.4210556106869266,3.0,-0.9378299713134766,0.010859641281013977,2.0
2025-06-02,GOOGL,0.38172900676727295,0.5398463385214883,2,168.82562255859375,0.014958244152527191,0.5494984189669291,0.48074426716491475,3.0,0.0,0.0,2.0,-0.23952558636665344,0.9116859459050766,4.0
2025-06-02,MSFT,0.0,0.0,1,461.2118225097656,0.010802161853080791,0.43146589398384094,0.6101849189733799,2.0,0.11233359575271606,1.1475438769363009,2.0,0.0,0.0,1.0
2025-06-03,GOOGL,-0.323788583278656,0.5608182771493788,3,165.97906494140625,0.014920131558777196,0.38172900676727295,0.5398463385214883,2.0,0.5494984189669291,0.48074426716491475,3.0,0.0,0.0,2.0
2025-06-04,AAPL,0.0,0.0,1,202.590087890625,0.009492536553890775,0.9333281517028809,0.0,1.0,0.0,0.0,1.0,0.24309657017389932,0.4210556106869266,3.0
2025-06-04,GOOGL,0.0,0.0,1,167.8468017578125,0.015108236940953456,-0.323788583278656,0.5608182771493788,3.0,0.38172900676727295,0.5398463385214883,2.0,0.5494984189669291,0.48074426716491475,3.0
2025-06-05,GOOGL,0.0,0.0,3,168.00662231445312,0.009781917733630612,0.0,0.0,1.0,-0.323788583278656,0.5608182771493788,3.0,0.38172900676727295,0.5398463385214883,2.0
2025-06-06,AAPL,0.0,0.0,1,203.68882751464844,0.008666110592879715,0.0,0.0,1.0,0.9333281517028809,0.0,1.0,0.0,0.0,1.0
2025-06-06,GOOGL,0.0,0.0,1,173.46998596191406,0.016916025253255296,0.0,0.0,3.0,0.0,0.0,1.0,-0.323788583278656,0.5608182771493788,3.0
2025-06-06,MSFT,0.0,0.0,1,469.6080017089844,0.0022397258524931895,0.0,0.0,1.0,0.43146589398384094,0.6101849189733799,2.0,0.11233359575271606,1.1475438769363009,2.0
2025-06-09,AAPL,-0.020405322313308716,1.1072705822822615,2,201.2216339111328,0.01022411963992317,0.0,0.0,1.0,0.0,0.0,1.0,0.9333281517028809,0.0,1.0
2025-06-09,GOOGL,0.0,0.0,3,176.08999633789062,0.01754356900300706,0.0,0.0,1.0,0.0,0.0,3.0,0.0,0.0,1.0
2025-06-09,MSFT,0.8474686741828918,0.014939793391656608,2,471.97412109375,0.0022055724302144333,0.0,0.0,1.0,0.0,0.0,1.0,0.43146589398384094,0.6101849189733799,2.0
2025-06-10,MSFT,0.8211673498153687,0.0,1,470.1471252441406,0.0038265488700536584,0.8474686741828918,0.014939793391656608,2.0,0.0,0.0,1.0,0.0,0.0,1.0
2025-06-11,AAPL,0.08644789457321167,0.7938660871693043,3,198.55465698242188,0.012743982334915617,-0.020405322313308716,1.1072705822822615,2.0,0.0,0.0,1.0,0.0,0.0,1.0
2025-06-12,AAPL,0.0,0.0,1,198.97418212890625,0.012185534520691172,0.08644789457321167,0.7938660871693043,3.0,-0.020405322313308716,1.1072705822822615,2.0,0.0,0.0,1.0
2025-06-12,GOOGL,0.21659324566523233,0.3751505060684299,3,175.6999969482422,0.014576966532902254,0.0,0.0,3.0,0.0,0.0,1.0,0.0,0.0,3.0
2025-06-12,MSFT,0.31352076927820843,0.5430339016179365,3,478.0840759277344,0.005297260764380367,0.8211673498153687,0.0,1.0,0.8474686741828918,0.014939793391656608,2.0,0.0,0.0,1.0
2025-06-13,AAPL,0.7078585028648376,0.0,1,196.227294921875,0.012858212966223548,0.0,0.0,1.0,0.08644789457321167,0.7938660871693043,3.0,-0.020405322313308716,1.1072705822822615,2.0
2025-06-13,MSFT,0.0,0.0,1,474.18048095703125,0.007241809102306508,0.31352076927820843,0.5430339016179365,3.0,0.8211673498153687,0.0,1.0,0.8474686741828918,0.014939793391656608,2.0
2025-06-16,GOOGL,0.43546798825263977,0.6158447349662108,2,176.77000427246094,0.015388696703899694,0.21659324566523233,0.3751505060684299,3.0,0.0,0.0,3.0,0.0,0.0,1.0
2025-06-17,AAPL,-0.8577518463134766,0.0,1,195.418212890625,0.011578952983170018,0.7078585028648376,0.0,1.0,0.0,0.0,1.0,0.08644789457321167,0.7938660871693043,3.0
2025-06-17,MSFT,0.8971683979034424,0.0,1,477.25543212890625,0.007522461473912462,0.0,0.0,1.0,0.31352076927820843,0.5430339016179365,3.0,0.8211673498153687,0.0,1.0
2025-06-18,GOOGL,0.0,0.0,2,173.32000732421875,0.011017940871816925,0.43546798825263977,0.6158447349662108,2.0,0.21659324566523233,0.3751505060684299,3.0,0.0,0.0,3.0
2025-06-20,GOOGL,-0.345611830552419,0.7592181304310357,3,166.63999938964844,0.015160356631916424,0.0,0.0,2.0,0.43546798825263977,0.6158447349662108,2.0,0.21659324566523233,0.3751505060684299,3.0
2025-06-20,MSFT,0.10422837734222412,0.8769751022500667,2,476.6164855957031,0.0078102685319272995,0.8971683979034424,0.0,1.0,0.0,0.0,1.0,0.31352076927820843,0.5430339016179365,3.0
2025-06-23,GOOGL,0.0,0.0,3,165.19000244140625,0.015122421184031797,-0.345611830552419,0.7592181304310357,3.0,0.0,0.0,2.0,0.43546798825263977,0.6158447349662108,2.0
2025-06-23,MSFT,0.0,0.0,5,485.2023620605469,0.009922961354957596,0.10422837734222412,0.8769751022500667,2.0,0.8971683979034424,0.0,1.0,0.0,0.0,1.0
2025-06-24,GOOGL,0.0,0.0,3,166.77000427246094,0.016849388699111643,0.0,0.0,3.0,-0.345611830552419,0.7592181304310357,3.0,0.0,0.0,2.0
2025-06-24,MSFT,0.0,0.0,2,489.30560302734375,0.009333496440280094,0.0,0.0,5.0,0.10422837734222412,0.8769751022500667,2.0,0.8971683979034424,0.0,1.0
2025-06-25,AAPL,0.31679144501686096,0.44801075798661544,2,201.33151245117188,0.011613143795403739,-0.8577518463134766,0.0,1.0,0.7078585028648376,0.0,1.0,0.0,0.0,1.0
2025-06-25,GOOGL,0.22277921438217163,0.31505738639409037,2,170.67999267578125,0.020509957993169816,0.0,0.0,3.0,0.0,0.0,3.0,-0.345611830552419,0.7592181304310357,3.0
2025-06-25,MSFT,0.4710979759693146,0.666233146822319,2,491.4620666503906,0.007836326960620772,0.0,0.0,2.0,0.0,0.0,5.0,0.10422837734222412,0.8769751022500667,2.0
2025-06-26,AAPL,0.0,0.0,1,200.7721405029297,0.011463900347426451,0.31679144501686096,0.44801075798661544,2.0,-0.8577518463134766,0.0,1.0,0.7078585028648376,0.0,1.0
2025-06-26,MSFT,0.4640611708164215,0.6562816015393208,2,496.6335754394531,0.007995328670837853,0.4710979759693146,0.666233146822319,2.0,0.0,0.0,2.0,0.0,0.0,5.0
2025-06-27,GOOGL,-0.38008347153663635,0.5375192002809593,2,178.52999877929688,0.024135866427800898,0.22277921438217163,0.31505738639409037,2.0,0.0,0.0,3.0,0.0,0.0,3.0
2025-06-27,MSFT,0.0,0.0,1,495.1260681152344,0.008117918706406643,0.4640611708164215,0.6562816015393208,2.0,0.4710979759693146,0.666233146822319,2.0,0.0,0.0,2.0
2025-06-30,GOOGL,0.37364324927330017,0.5284113506114522,2,176.22999572753906,0.023901001942585057,-0.38008347153663635,0.5375192002809593,2.0,0.22277921438217163,0.31505738639409037,2.0,0.0,0.0,3.0
2025-06-30,MSFT,0.0,0.0,1,496.5936584472656,0.00816464139162816,0.0,0.0,1.0,0.4640611708164215,0.6562816015393208,2.0,0.4710979759693146,0.666233146822319,2.0
2025-07-01,AAPL,0.13975396752357483,0.9783006357830467,2,207.58441162109375,0.009196210242909524,0.0,0.0,1.0,0.31679144501686096,0.44801075798661544,2.0,-0.8577518463134766,0.0,1.0
2025-07-01,GOOGL,0.0,0.0,1,175.83999633789062,0.01616338977520537,0.37364324927330017,0.5284113506114522,2.0,-0.38008347153663635,0.5375192002809593,2.0,0.22277921438217163,0.31505738639409037,2.0
2025-07-01,MSFT,0.0,0.0,3,491.242431640625,0.009371392942580619,0.0,0.0,1.0,0.0,0.0,1.0,0.4640611708164215,0.6562816015393208,2.0
2025-07-02,MSFT,-0.610663890838623,0.5315278483056586,3,490.2840270996094,0.00734366314105877,0.0,0.0,3.0,0.0,0.0,1.0,0.0,0.0,1.0
2025-07-03,GOOGL,0.23898452520370483,0.41393333987554165,3,179.52999877929688,0.014764613031133788,0.0,0.0,1.0,0.37364324927330017,0.5284113506114522,2.0,-0.38008347153663635,0.5375192002809593,2.0
2025-07-03,MSFT,0.0,0.0,2,498.02130126953125,0.008862690536499672,-0.610663890838623,0.5315278483056586,3.0,0.0,0.0,3.0,0.0,0.0,1.0
2025-07-07,AAPL,-0.4132789969444275,0.5844647625227583,2,209.7119903564453,0.013834731807133925,0.13975396752357483,0.9783006357830467,2.0,0.0,0.0,1.0,0.31679144501686096,0.44801075798661544,2.0
2025-07-07,GOOGL,0.0,0.0,2,176.7899932861328,0.01635046047251428,0.23898452520370483,0.41393333987554165,3.0,0.0,0.0,1.0,0.37364324927330017,0.5284113506114522,2.0
2025-07-08,AAPL,0.0,0.0,1,209.7719268798828,0.01355919474619924,-0.4132789969444275,0.5844647625227583,2.0,0.13975396752357483,0.9783006357830467,2.0,0.0,0.0,1.0
2025-07-08,GOOGL,0.8119756579399109,0.0,1,174.36000061035156,0.016800315964829143,0.0,0.0,2.0,0.23898452520370483,0.41393333987554165,3.0,0.0,0.0,1.0
2025-07-08,MSFT,0.0,0.0,3,495.804931640625,0.008130064465268696,0.0,0.0,2.0,-0.610663890838623,0.5315278483056586,3.0,0.0,0.0,3.0
2025-07-09,AAPL,-0.015694037079811096,0.7618127475059473,4,210.90065002441406,0.013322612032537316,0.0,0.0,1.0,-0.4132789969444275,0.5844647625227583,2.0,0.13975396752357483,0.9783006357830467,2.0
2025-07-09,GOOGL,-0.014457941055297852,0.45593894184699746,4,176.6199951171875,0.013064882786008028,0.8119756579399109,0.0,1.0,0.0,0.0,2.0,0.23898452520370483,0.41393333987554165,3.0
2025-07-09,MSFT,0.38309627771377563,0.5417799516374712,2,502.68365478515625,0.009540477260015296,0.0,0.0,3.0,0.0,0.0,2.0,-0.610663890838623,0.5315278483056586,3.0
2025-07-10,AAPL,0.6653038263320923,0.0,1,212.16920471191406,0.011977606363815677,-0.015694037079811096,0.7618127475059473,4.0,0.0,0.0,1.0,-0.4132789969444275,0.5844647625227583,2.0
2025-07-10,GOOGL,-0.3765968978404999,0.5325884404736699,2,177.6199951171875,0.012215678146902349,-0.014457941055297852,0.45593894184699746,4.0,0.8119756579399109,0.0,1.0,0.0,0.0,2.0
2025-07-10,MSFT,0.3438028395175934,0.48621063842816126,2,500.656982421875,0.009810342479548328,0.38309627771377563,0.5417799516374712,2.0,0.0,0.0,3.0,0.0,0.0,2.0
2025-07-11,GOOGL,0.0,0.0,2,180.19000244140625,0.013041187509714851,-0.3765968978404999,0.5325884404736699,2.0,-0.014457941055297852,0.45593894184699746,4.0,0.8119756579399109,0.0,1.0
2025-07-11,MSFT,0.4783056676387787,0.6764263621346788,2,502.49395751953125,0.008267948852324361,0.3438028395175934,0.48621063842816126,2.0,0.38309627771377563,0.5417799516374712,2.0,0.0,0.0,3.0
2025-07-14,AAPL,0.16695467233657837,0.7734690052298923,5,208.3834991455078,0.009223462876432187,0.6653038263320923,0.0,1.0,-0.015694037079811096,0.7618127475059473,4.0,0.0,0.0,1.0
2025-07-14,GOOGL,0.3826291859149933,0.54111938408076,2,181.55999755859375,0.012070642758820988,0.0,0.0,2.0,-0.3765968978404999,0.5325884404736699,2.0,-0.014457941055297852,0.45593894184699746,4.0
2025-07-14,MSFT,0.0,0.0,2,502.1944274902344,0.008140240414933487,0.4783056676387787,0.6764263621346788,2.0,0.3438028395175934,0.48621063842816126,2.0,0.38309627771377563,0.5417799516374712,2.0
2025-07-15,AAPL,-0.5646371245384216,0.0,1,208.87295532226562,0.0088768107719023,0.16695467233657837,0.7734690052298923,5.0,0.6653038263320923,0.0,1.0,-0.015694037079811096,0.7618127475059473,4.0
2025-07-15,GOOGL,-0.45890387892723083,0.6489880894045106,2,182.0,0.012017390785371288,0.3826291859149933,0.54111938408076,2.0,0.0,0.0,2.0,-0.3765968978404999,0.5325884404736699,2.0
2025-07-15,MSFT,0.5933324694633484,0.0,1,504.9898376464844,0.006263136254661982,0.0,0.0,2.0,0.4783056676387787,0.6764263621346788,2.0,0.3438028395175934,0.48621063842816126,2.0
2025-07-16,AAPL,-0.39913368225097656,0.5644602666392445,2,209.92176818847656,0.0067710450958288,-0.5646371245384216,0.0,1.0,0.16695467233657837,0.7734690052298923,5.0,0.6653038263320923,0.0,1.0
2025-07-16,GOOGL,0.10490740537643432,0.23458008976483405,5,182.97000122070312,0.009294973779723312,-0.45890387892723083,0.6489880894045106,2.0,0.3826291859149933,0.54111938408076,2.0,0.0,0.0,2.0
2025-07-16,MSFT,0.0,0.0,1,504.7901611328125,0.00609063059023976,0.5933324694633484,0.0,1.0,0.0,0.0,2.0,0.4783056676387787,0.6764263621346788,2.0
2025-07-17,MSFT,0.5877618590990702,0.5090970340834265,3,510.8601989746094,0.006692904477440153,0.0,0.0,1.0,0.5933324694633484,0.0,1.0,0.0,0.0,2.0
2025-07-18,AAPL,-0.42655716836452484,0.5018520883826881,4,210.9405975341797,0.0067966669463079225,-0.39913368225097656,0.5644602666392445,2.0,-0.5646371245384216,0.0,1.0,0.16695467233657837,0.7734690052298923,5.0
2025-07-18,GOOGL,0.3829490542411804,0.5415717462058274,2,185.05999755859375,0.003991754592106371,0.10490740537643432,0.23458008976483405,5.0,-0.45890387892723083,0.6489880894045106,2.0,0.3826291859149933,0.54111938408076,2.0
2025-07-18,MSFT,0.0,0.0,1,509.212890625,0.005657138065190678,0.5877618590990702,0.5090970340834265,3.0,0.0,0.0,1.0,0.5933324694633484,0.0,1.0
2025-07-21,AAPL,-0.04801086584726969,0.8362987944326132,3,212.23912048339844,0.006817468559598398,-0.42655716836452484,0.5018520883826881,4.0,-0.39913368225097656,0.5644602666392445,2.0,-0.5646371245384216,0.0,1.0
2025-07-21,GOOGL,0.0,0.0,7,190.10000610351562,0.008658460968674227,0.3829490542411804,0.5415717462058274,2.0,0.10490740537643432,0.23458008976483405,5.0,-0.45890387892723083,0.6489880894045106,2.0
2025-07-22,AAPL,-0.6876402497291565,0.0,1,214.15695190429688,0.006977131695491489,-0.04801086584726969,0.8362987944326132,3.0,-0.42655716836452484,0.5018520883826881,4.0,-0.39913368225097656,0.5644602666392445,2.0
2025-07-22,GOOGL,0.5080386877059937,0.47203152375517293,5,191.33999633789062,0.008459749391485496,0.0,0.0,7.0,0.3829490542411804,0.5415717462058274,2.0,0.10490740537643432,0.23458008976483405,5.0
2025-07-22,MSFT,0.6252170403798422,0.541714075739485,3,504.44073486328125,0.006737877625013563,0.0,0.0,1.0,0.5877618590990702,0.5090970340834265,3.0,0.0,0.0,1.0
2025-07-23,AAPL,-0.41156165599822997,0.8069928034879251,5,213.9072265625,0.0037444714145329423,-0.6876402497291565,0.0,1.0,-0.04801086584726969,0.8362987944326132,3.0,-0.42655716836452484,0.5018520883826881,4.0
2025-07-23,GOOGL,0.27565277367830276,0.6361671787053685,8,190.22999572753906,0.010093902502083207,0.5080386877059937,0.47203152375517293,5.0,0.0,0.0,7.0,0.3829490542411804,0.5415717462058274,2.0
2025-07-23,MSFT,0.633711059888204,0.5488107743587552,3,505.0397644042969,0.006720045476142969,0.6252170403798422,0.541714075739485,3.0,0.0,0.0,1.0,0.5877618590990702,0.5090970340834265,3.0
2025-07-24,AAPL,0.0,0.0,2,213.51766967773438,0.004295743044454463,-0.41156165599822997,0.8069928034879251,5.0,-0.6876402497291565,0.0,1.0,-0.04801086584726969,0.8362987944326132,3.0
2025-07-24,GOOGL,0.33907986283302305,0.4969078950150065,10,192.1699981689453,0.009968109188913166,0.27565277367830276,0.6361671787053685,8.0,0.5080386877059937,0.47203152375517293,5.0,0.0,0.0,7.0
2025-07-24,MSFT,0.08995707829793294,0.7781748116436562,3,510.0415344238281,0.0073958724518257465,0.633711059888204,0.5488107743587552,3.0,0.6252170403798422,0.541714075739485,3.0,0.0,0.0,1.0
2025-07-25,AAPL,0.0,0.0,3,213.63754272460938,0.004303491170430258,0.0,0.0,2.0,-0.41156165599822997,0.8069928034879251,5.0,-0.6876402497291565,0.0,1.0
2025-07-25,GOOGL,0.3411864638328552,0.4825105244505413,2,193.17999267578125,0.009971251374374922,0.33907986283302305,0.4969078950150065,10.0,0.27565277367830276,0.6361671787053685,8.0,0.5080386877059937,0.47203152375517293,5.0
2025-07-25,MSFT,0.14691567420959473,0.29383134841918945,4,512.866943359375,0.0074891429172149705,0.08995707829793294,0.7781748116436562,3.0,0.633711059888204,0.5488107743587552,3.0,0.6252170403798422,0.541714075739485,3.0
2025-07-28,AAPL,0.0,0.0,1,213.80735778808594,0.004156250621496192,0.0,0.0,3.0,0.0,0.0,2.0,-0.41156165599822997,0.8069928034879251,5.0
2025-07-28,MSFT,0.0,0.0,1,511.65887451171875,0.006243879837221483,0.14691567420959473,0.29383134841918945,4.0,0.08995707829793294,0.7781748116436562,3.0,0.633711059888204,0.5488107743587552,3.0
2025-07-29,AAPL,-0.6246043841044108,0.5410185211493302,3,211.03050231933594,0.006997652018660534,0.0,0.0,1.0,0.0,0.0,3.0,0.0,0.0,2.0
2025-07-29,GOOGL,0.41917094588279724,0.5927972366202106,2,195.75,0.011327122230800814,0.3411864638328552,0.4825105244505413,2.0,0.33907986283302305,0.4969078950150065,10.0,0.27565277367830276,0.6361671787053685,8.0
2025-07-29,MSFT,0.29662009080251056,0.5137610678156422,3,511.728759765625,0.006059571148065704,0.0,0.0,1.0,0.14691567420959473,0.29383134841918945,4.0,0.08995707829793294,0.7781748116436562,3.0
2025-07-30,AAPL,-0.28866835435231525,0.4999882562755065,3,208.81301879882812,0.007409287729867421,-0.6246043841044108,0.5410185211493302,3.0,0.0,0.0,1.0,0.0,0.0,3.0
2025-07-30,GOOGL,0.3225449323654175,0.4561474178258861,2,196.52999877929688,0.007570112343662021,0.41917094588279724,0.5927972366202106,2.0,0.3411864638328552,0.4825105244505413,2.0,0.33907986283302305,0.4969078950150065,10.0
2025-07-30,MSFT,0.5737600028514862,0.4751439807106446,8,512.3976440429688,0.0060543040231994215,0.29662009080251056,0.5137610678156422,3.0,0.0,0.0,1.0,0.14691567420959473,0.29383134841918945,4.0
2025-07-31,AAPL,0.43608640299903023,0.6280826558995853,9,207.33470153808594,0.0055776786170178925,-0.28866835435231525,0.4999882562755065,3.0,-0.6246043841044108,0.5410185211493302,3.0,0.0,0.0,1.0
2025-07-31,GOOGL,0.0,0.0,2,191.89999389648438,0.013006980955345348,0.3225449323654175,0.4561474178258861,2.0,0.41917094588279724,0.5927972366202106,2.0,0.3411864638328552,0.4825105244505413,2.0
2025-07-31,MSFT,0.43488373756408694,0.46019472959418556,10,532.6243896484375,0.014494348990217199,0.5737600028514862,0.4751439807106446,8.0,0.29662009080251056,0.5137610678156422,3.0,0.0,0.0,1.0
2025-08-01,AAPL,-0.18546642363071442,0.7232223563742903,4,202.1505889892578,0.009219192638454304,0.43608640299903023,0.6280826558995853,9.0,-0.28866835435231525,0.4999882562755065,3.0,-0.6246043841044108,0.5410185211493302,3.0
2025-08-01,GOOGL,-0.959890604019165,0.0,1,189.1300048828125,0.014068954662523846,0.0,0.0,2.0,0.3225449323654175,0.4561474178258861,2.0,0.41917094588279724,0.5927972366202106,2.0
2025-08-01,MSFT,-0.008044958114624023,0.9464166910254875,3,523.2498168945312,0.0173913154593167,0.43488373756408694,0.46019472959418556,10.0,0.5737600028514862,0.4751439807106446,8.0,0.29662009080251056,0.5137610678156422,3.0
2025-08-04,AAPL,-0.37388625741004944,0.52875501601421,2,203.11949157714844,0.01024106072286636,-0.18546642363071442,0.7232223563742903,4.0,0.43608640299903023,0.6280826558995853,9.0,-0.28866835435231525,0.4999882562755065,3.0
2025-08-04,GOOGL,0.0,0.0,5,195.0399932861328,0.01838494858317983,-0.959890604019165,0.0,1.0,0.0,0.0,2.0,0.3225449323654175,0.4561474178258861,2.0
2025-08-04,MSFT,0.3555690050125122,0.5028505092482017,2,534.7609252929688,0.0185018836486189,-0.008044958114624023,0.9464166910254875,3.0,0.43488373756408694,0.46019472959418556,10.0,0.5737600028514862,0.4751439807106446,8.0
2025-08-05,AAPL,-0.1983802616596222,0.39676052331924444,4,202.68995666503906,0.009955029405647188,-0.37388625741004944,0.52875501601421,2.0,-0.18546642363071442,0.7232223563742903,4.0,0.43608640299903023,0.6280826558995853,9.0
2025-08-05,GOOGL,0.5983870625495911,0.0,1,194.6699981689453,0.018389749258196777,0.0,0.0,5.0,-0.959890604019165,0.0,1.0,0.0,0.0,2.0
2025-08-05,MSFT,0.23349693417549133,0.46699386835098267,4,526.8838500976562,0.020258323078003026,0.3555690050125122,0.5028505092482017,2.0,-0.008044958114624023,0.9464166910254875,3.0,0.43488373756408694,0.46019472959418556,10.0
2025-08-06,AAPL,0.3298444628715515,0.514372621031598,10,213.0082550048828,0.024402100385072806,-0.1983802616596222,0.39676052331924444,4.0,-0.37388625741004944,0.52875501601421,2.0,-0.18546642363071442,0.7232223563742903,4.0
2025-08-06,GOOGL,0.0,0.0,1,196.08999633789062,0.018400010597269822,0.5983870625495911,0.0,1.0,0.0,0.0,5.0,-0.959890604019165,0.0,1.0
2025-08-06,MSFT,0.4771796464920044,0.6748339277573917,2,524.0784912109375,0.020444589286739707,0.23349693417549133,0.46699386835098267,4.0,0.3555690050125122,0.5028505092482017,2.0,-0.008044958114624023,0.9464166910254875,3.0
2025-08-07,AAPL,-0.6392173369725546,0.5536461231530042,3,219.7805633544922,0.026312098614079855,0.3298444628715515,0.514372621031598,10.0,-0.1983802616596222,0.39676052331924444,4.0,-0.37388625741004944,0.52875501601421,2.0
2025-08-07,GOOGL,-0.0061842600504557295,0.5146018619528384,3,196.52000427246094,0.01738767596764333,0.0,0.0,1.0,0.5983870625495911,0.0,1.0,0.0,0.0,5.0
2025-08-07,MSFT,0.0,0.0,1,519.9852294921875,0.020885437396093325,0.4771796464920044,0.6748339277573917,2.0,0.23349693417549133,0.46699386835098267,4.0,0.3555690050125122,0.5028505092482017,2.0
2025-08-08,AAPL,0.3311643749475479,0.3824264749907657,4,229.0900115966797,0.02826126498467869,-0.6392173369725546,0.5536461231530042,3.0,0.3298444628715515,0.514372621031598,10.0,-0.1983802616596222,0.39676052331924444,4.0
2025-08-08,GOOGL,0.0,0.0,1,201.4199981689453,0.019698564823787953,-0.0061842600504557295,0.5146018619528384,3.0,0.0,0.0,1.0,0.5983870625495911,0.0,1.0
2025-08-08,MSFT,0.5220556735992432,0.4852045731879653,5,521.1832275390625,0.020879555594547402,0.0,0.0,1.0,0.4771796464920044,0.6748339277573917,2.0,0.23349693417549133,0.46699386835098267,4.0
2025-08-11,AAPL,0.9451155066490173,0.0,1,227.17999267578125,0.028418699903104683,0.3311643749475479,0.3824264749907657,4.0,-0.6392173369725546,0.5536461231530042,3.0,0.3298444628715515,0.514372621031598,10.0
2025-08-11,GOOGL,0.20971627533435822,0.41943255066871643,4,201.0,0.01609087241989107,0.0,0.0,1.0,-0.0061842600504557295,0.5146018619528384,3.0,0.0,0.0,1.0
2025-08-11,MSFT,0.0,0.0,2,520.9136962890625,0.01315618901771368,0.5220556735992432,0.4852045731879653,5.0,0.0,0.0,1.0,0.4771796464920044,0.6748339277573917,2.0
2025-08-12,AAPL,0.0,0.0,2,229.64999389648438,0.02304818167995944,0.9451155066490173,0.0,1.0,0.3311643749475479,0.3824264749907657,4.0,-0.6392173369725546,0.5536461231530042,3.0
2025-08-12,GOOGL,0.0,0.0,1,203.33999633789062,0.013111589314688617,0.20971627533435822,0.41943255066871643,4.0,0.0,0.0,1.0,-0.0061842600504557295,0.5146018619528384,3.0
2025-08-12,MSFT,0.9274190068244934,0.0,1,528.3713989257812,0.01281835836178979,0.0,0.0,2.0,0.5220556735992432,0.4852045731879653,5.0,0.0,0.0,1.0
2025-08-13,AAPL,0.0,0.0,2,233.3300018310547,0.022304935698461908,0.0,0.0,2.0,0.9451155066490173,0.0,1.0,0.3311643749475479,0.3824264749907657,4.0
2025-08-13,GOOGL,0.0,0.0,2,201.9600067138672,0.010733862408600093,0.0,0.0,1.0,0.20971627533435822,0.41943255066871643,4.0,0.0,0.0,1.0
2025-08-13,MSFT,0.0,0.0,2,519.7256469726562,0.010579986445950568,0.9274190068244934,0.0,1.0,0.0,0.0,2.0,0.5220556735992432,0.4852045731879653,5.0
2025-08-14,AAPL,-0.4746985137462616,0.6713250761783143,2,232.77999877929688,0.022345547885951514,0.0,0.0,2.0,0.0,0.0,2.0,0.9451155066490173,0.0,1.0
2025-08-14,GOOGL,0.6439236104488373,0.2857157198383217,2,202.94000244140625,0.010301073863100307,0.0,0.0,2.0,0.0,0.0,1.0,0.20971627533435822,0.41943255066871643,4.0
2025-08-15,AAPL,0.0,0.0,1,231.58999633789062,0.01933564677159003,-0.4746985137462616,0.6713250761783143,2.0,0.0,0.0,2.0,0.0,0.0,2.0
2025-08-18,GOOGL,0.1726217746734619,0.38599402256651244,5,203.5,0.010639072339997295,0.6439236104488373,0.2857157198383217,2.0,0.0,0.0,2.0,0.0,0.0,1.0
2025-08-19,AAPL,-0.949907660484314,0.0,1,230.55999755859375,0.008954312109057158,0.0,0.0,1.0,-0.4746985137462616,0.6713250761783143,2.0,0.0,0.0,2.0
2025-08-19,GOOGL,-0.29859721660614014,1.0721918593805047,3,201.57000732421875,0.00736587613626913,0.1726217746734619,0.38599402256651244,5.0,0.6439236104488373,0.2857157198383217,2.0,0.0,0.0,2.0
2025-08-19,MSFT,0.0,0.0,1,508.933349609375,0.01051436611954413,0.0,0.0,2.0,0.9274190068244934,0.0,1.0,0.0,0.0,2.0
2025-08-21,AAPL,0.0,0.0,1,224.89999389648438,0.010431839617819325,-0.949907660484314,0.0,1.0,0.0,0.0,1.0,-0.4746985137462616,0.6713250761783143,2.0
2025-08-25,GOOGL,0.0,0.0,1,208.49000549316406,0.01460086798802256,-0.29859721660614014,1.0721918593805047,3.0,0.1726217746734619,0.38599402256651244,5.0,0.6439236104488373,0.2857157198383217,2.0
